y,a0_mean_over_x,b1_mean_over_x,a0_bulk_fit
-0.25,0.05886475414935508,0.29908358740357893,0.02000855601597539
-0.2487468671679198,0.048869381299815516,0.3027872964691004,0.01990826219221807
-0.2474937343358396,0.04042950267353198,0.3057829910458978,0.019807968368460747
-0.2462406015037594,0.03343203088185879,0.3081278244493811,0.019707674544703426
-0.2449874686716792,0.027763883578755384,0.3098789446379081,0.019607380720946102
-0.243734335839599,0.023311983465093018,0.311093494198558,0.01950708689718878
-0.2424812030075188,0.01996325829324624,0.3118286103327365,0.019406793073431457
-0.2412280701754386,0.017604640871633995,0.31214142484187624,0.019306499249674137
-0.2399749373433584,0.0161230690691704,0.3120890641131947,0.019206205425916813
-0.2387218045112782,0.015406467490688282,0.31172852476133306,0.019105911602159492
-0.237468671679198,0.015329828101928917,0.3111177951390997,0.01900561777840217
-0.2362155388471178,0.015799942594657272,0.3103125118241691,0.018905323954644847
-0.2349624060150376,0.016695143457891956,0.3093704802449401,0.018805030130887527
-0.2337092731829574,0.01790238681916716,0.3083488017418823,0.018704736307130203
-0.2324561403508772,0.019308633764996745,0.30730457266676664,0.018604442483372882
-0.231203007518797,0.020800850344923735,0.3062948843706367,0.018504148659615558
-0.2299498746867168,0.02226600757547996,0.3053768231873176,0.018403854835858238
-0.2286967418546366,0.02359108144512747,0.3046074704185094,0.018303561012100913
-0.2274436090225564,0.024663052918033012,0.30404390231954126,0.018203267188343593
-0.2261904761904762,0.02536891087705379,0.30374318806678724,0.018102973364586272
-0.224937343358396,0.025595640014109352,0.3037623973597738,0.018002679540828948
-0.2236842105263158,0.025230239301411078,0.30415858985491134,0.017902385717071628
-0.2224310776942356,0.02415970957943934,0.3049888215316998,0.017802091893314304
-0.2211779448621554,0.022271056678757572,0.3063101432533574,0.017701798069556983
-0.2199248120300752,0.019451291424341037,0.3081796007523009,0.01760150424579966
-0.218671679197995,0.015587429639835093,0.31065423461564334,0.017501210422042338
-0.2174185463659148,0.010566492151859777,0.313791080270545,0.017400916598285014
-0.2161654135338346,0.010503919658448076,0.3130970188073549,0.017300622774527694
-0.2149122807017544,0.01621371611674581,0.30873423782998793,0.017200328950770373
-0.2136591478696742,0.01682728268431249,0.3083188300655526,0.01710003512701305
-0.212406015037594,0.017291616355315106,0.3079925452101526,0.01699974130325573
-0.2111528822055138,0.017619325014508105,0.3077476451963512,0.016899447479498404
-0.2098997493734336,0.017823016505739992,0.3075763922301491,0.016799153655741084
-0.20864661654135339,0.0179152986320811,0.3074710487902801,0.01669885983198376
-0.20739348370927319,0.017908779155945263,0.3074238776276278,0.01659856600822644
-0.20614035087719298,0.017816065799213125,0.30742714176452124,0.016498272184469115
-0.20488721804511278,0.017649766243362845,0.30747310449426296,0.016397978360711794
-0.20363408521303258,0.017422488129585266,0.3075540293803588,0.016297684536954474
-0.20238095238095238,0.017146839058915217,0.3076621802558941,0.01619739071319715
-0.20112781954887218,0.016835426592355224,0.3077898212229578,0.01609709688943983
-0.19987468671679198,0.01650085825103739,0.30792921665186185,0.015996803065682505
-0.19862155388471178,0.01615574151623184,0.30807263118080863,0.015896509241925184
-0.19736842105263158,0.015812683829615263,0.30821232971498547,0.01579621541816786
-0.19611528822055138,0.015484292593328348,0.30834057742598464,0.01569592159441054
-0.19486215538847118,0.015183175170119755,0.30844963975112405,0.015595627770653219
-0.19360902255639098,0.014921938883430625,0.30853178239305257,0.015495333946895897
-0.19235588972431078,0.014713191017567944,0.3085792713188328,0.015395040123138574
-0.19110275689223058,0.014569538817814965,0.30858437275943196,0.015294746299381252
-0.18984962406015038,0.014503589490555961,0.30853935320904147,0.01519445247562393
-0.18859649122807018,0.014527950203404347,0.3084364794244724,0.015094158651866607
-0.18734335839598998,0.014655228085326807,0.3082680184245254,0.014993864828109287
-0.18609022556390978,0.0148980302267752,0.30802623748931596,0.014893571004351965
-0.18483709273182958,0.015268963679812531,0.3077034041596397,0.014793277180594642
-0.18358395989974938,0.01572654485146313,0.307332738819694,0.01469298335683732
-0.18233082706766918,0.015767875692601355,0.3072565106478126,0.014592689533079998
-0.18107769423558898,0.014848436689461713,0.3078965153538966,0.014492395709322675
-0.17982456140350878,0.014630402801468,0.3079564229695046,0.014392101885565353
-0.17857142857142858,0.014433427345281594,0.308004355704468,0.01429180806180803
-0.17731829573934837,0.014255871440666113,0.3080412936043946,0.014191514238050708
-0.17606516290726817,0.014096096203354806,0.3080682167496475,0.014091220414293388
-0.17481203007518797,0.013952462745055485,0.3080861052553576,0.013990926590536065
-0.17355889724310777,0.01382333217344458,0.3080959392713879,0.013890632766778743
-0.17230576441102757,0.01370706559217003,0.30809869898235404,0.01379033894302142
-0.17105263157894737,0.013602024100847591,0.3080953646075963,0.013690045119264098
-0.16979949874686717,0.013506568795063026,0.3080869164011859,0.013589751295506776
-0.16854636591478697,0.013419060766370611,0.308074334651939,0.013489457471749454
-0.16729323308270677,0.013337861102287183,0.308058599683326,0.013389163647992131
-0.16604010025062657,0.013261330886301553,0.3080406918536177,0.013288869824234809
-0.16478696741854637,0.013187831197859294,0.3080215915556937,0.013188576000477488
-0.16353383458646617,0.01311572311238178,0.30800227921709766,0.013088282176720166
-0.16228070175438597,0.0130433677012477,0.3079837353002555,0.012987988352962844
-0.16102756892230577,0.012969126031796842,0.3079669403020823,0.012887694529205521
-0.15977443609022557,0.01289135916733611,0.3079528747542438,0.012787400705448199
-0.15852130325814537,0.012808428167133573,0.3079425192230897,0.012687106881690877
-0.15726817042606517,0.012718694086415891,0.3079368543095952,0.012586813057933554
-0.15601503759398497,0.012620517976369084,0.30793686064940845,0.012486519234176232
-0.15476190476190477,0.01251226088413968,0.3079435189128235,0.01238622541041891
-0.15350877192982457,0.012392283852832748,0.30795780980478066,0.012285931586661589
-0.15225563909774437,0.012258947921510279,0.30798071406485744,0.012185637762904267
-0.15100250626566417,0.012110614125191417,0.3080132124672626,0.012085343939146944
-0.14974937343358397,0.01194564349485184,0.3080562858208233,0.011985050115389622
-0.14849624060150377,0.011762397057421053,0.3081109149689928,0.0118847562916323
-0.14724310776942356,0.011607206259690394,0.30813945996459796,0.011784462467874977
-0.14598997493734336,0.011648251291029352,0.3080376950086529,0.011684168644117655
-0.14473684210526316,0.011563113699880485,0.3080286717297706,0.011583874820360333
-0.14348370927318296,0.011475169291607792,0.30802137675659474,0.01148358099660301
-0.14223057644110276,0.011384636486217205,0.3080156726353029,0.01138328717284569
-0.14097744360902256,0.011291733703254076,0.30801142191399444,0.011282993349088367
-0.13972431077694236,0.01119667936180406,0.3080084871426779,0.011182699525331045
-0.13847117794486216,0.011099691880491105,0.30800673087327424,0.011082405701573723
-0.13721804511278196,0.011000989677480134,0.30800601565963265,0.0109821118778164
-0.13596491228070176,0.010900791170476194,0.30800620405751866,0.010881818054059078
-0.13471177944862156,0.010799314776725952,0.3080071586246007,0.010781524230301756
-0.13345864661654136,0.010696778913013728,0.3080087419204739,0.010681230406544433
-0.13220551378446116,0.010593401995662251,0.308010816506657,0.010580936582787111
-0.13095238095238096,0.010489402440531505,0.30801324494654997,0.01048064275902979
-0.12969924812030076,0.010384998663028978,0.308015889805515,0.010380348935272468
-0.12844611528822056,0.010280409078100983,0.3080186136508186,0.010280055111515146
-0.12719298245614036,0.010175852100230164,0.30802127905162374,0.010179761287757823
-0.12593984962406016,0.010071546143435316,0.3080237485789892,0.010079467464000501
-0.12468671679197994,0.009967709621282605,0.3080258848059266,0.009979173640243177
-0.12343358395989974,0.00986456094687781,0.3080275503073413,0.009878879816485856
-0.12218045112781954,0.009762318532863653,0.30802860766006607,0.009778585992728534
-0.12092731829573934,0.00966120079142173,0.3080289194428445,0.009678292168971212
-0.11967418546365914,0.009561426134275703,0.30802834823633524,0.00957799834521389
-0.11842105263157894,0.009463212972688229,0.30802675662310175,0.009477704521456567
-0.11716791979949874,0.009366779717460989,0.3080240071876219,0.009377410697699245
-0.11591478696741854,0.009272344778939427,0.30801996251629654,0.009277116873941922
-0.11466165413533834,0.009180126567005328,0.3080144851974379,0.0091768230501846
-0.11340852130325814,0.009090343491082451,0.30800743782126794,0.009076529226427278
-0.11215538847117794,0.009001915859860465,0.3079996715419655,0.008976235402669957
-0.11090225563909774,0.008892005354662481,0.3080066184864352,0.008875941578912635
-0.10964912280701754,0.008781353744843859,0.30801545149879433,0.008775647755155313
-0.10839598997493734,0.008679091665031072,0.30801649211540655,0.00867535393139799
-0.10714285714285714,0.008577200005311033,0.308017320933166,0.008575060107640668
-0.10588972431077694,0.008475650064221157,0.3080179550840309,0.008474766283883346
-0.10463659147869674,0.008374413140292162,0.30801841170001404,0.008374472460126023
-0.10338345864661654,0.008273460532042748,0.30801870791318764,0.008274178636368701
-0.10213032581453634,0.008172763537983047,0.3080188608556785,0.008173884812611379
-0.10087719298245613,0.008072293456612516,0.3080188876596698,0.008073590988854058
-0.09962406015037593,0.007972021586420979,0.30801880545740395,0.007973297165096736
-0.09837092731829573,0.007871919225892704,0.3080186313811743,0.007873003341339413
-0.09711779448621553,0.007771957673498231,0.3080183825633328,0.007772709517582091
-0.09586466165413533,0.007672108227703634,0.3080180761362902,0.007672415693824769
-0.09461152882205513,0.007572342186957298,0.3080177292325194,0.007572121870067446
-0.09335839598997493,0.0074726308497072465,0.30801735898453386,0.007471828046310124
-0.09210526315789473,0.0073729455143826525,0.30801698252490317,0.0073715342225528025
-0.09085213032581453,0.007273257479412093,0.30801661698627075,0.00727124039879548
-0.08959899749373433,0.00717353804320772,0.30801627950133414,0.007170946575038158
-0.08834586466165413,0.007073758504175739,0.30801598720283413,0.0070706527512808355
-0.08709273182957393,0.006973890160716506,0.3080157572235778,0.006970358927523514
-0.08583959899749373,0.006873904311213086,0.30801560669642203,0.006870065103766192
-0.08458646616541353,0.006773772254042861,0.3080155527542842,0.006769771280008869
-0.08333333333333333,0.0066734652875715,0.3080156125301412,0.006669477456251547
-0.08208020050125313,0.006572954710159035,0.30801580315701893,0.006569183632494225
-0.08082706766917293,0.006472211820153022,0.3080161417680042,0.006468889808736903
-0.07957393483709273,0.006371207915893667,0.30801664549623764,0.006368595984979581
-0.07832080200501253,0.006269914295711216,0.3080173314749196,0.0062683021612222585
-0.07706766917293233,0.006168302257924442,0.30801821683730374,0.006168008337464936
-0.07581453634085213,0.006066343100843292,0.3080193187167014,0.006067714513707615
-0.07456140350877193,0.005965065219220449,0.3080198030481706,0.005967420689950292
-0.07330827067669173,0.005867932937962092,0.3080175501067969,0.00586712686619297
-0.07205513784461152,0.005767930095750555,0.30801737873946594,0.005766833042435648
-0.07080200501253132,0.0056678729856582235,0.30801723954751475,0.005666539218678325
-0.06954887218045112,0.00556776561303629,0.3080171300460086,0.005566245394921004
-0.06829573934837092,0.005467611983235682,0.3080170477500154,0.005465951571163682
-0.06704260651629072,0.005367416101606671,0.30801699017460216,0.005365657747406359
-0.06578947368421052,0.005267181973497228,0.30801695483483693,0.005265363923649037
-0.06453634085213032,0.005166913604255479,0.30801693924578816,0.0051650700998917155
-0.06328320802005012,0.00506661499922972,0.3080169409225273,0.005064776276134393
-0.06203007518796992,0.004966290163766357,0.30801695738012663,0.004964482452377071
-0.06077694235588972,0.004865943103210394,0.3080169861336561,0.0048641886286197485
-0.05952380952380952,0.004765577822907088,0.30801702469819087,0.004763894804862426
-0.05827067669172932,0.004665198328197874,0.3080170705888014,0.004663600981105105
-0.05701754385964912,0.004564808624425414,0.30801712132056264,0.004563307157347782
-0.05576441102756892,0.004464412716931479,0.3080171744085498,0.00446301333359046
-0.05451127819548872,0.0043640146110569475,0.30801722736783943,0.004362719509833138
-0.05325814536340852,0.004263618312141806,0.30801727771350823,0.004262425686075816
-0.05200501253132832,0.004163227825525145,0.308017322960634,0.004162131862318494
-0.05075187969924812,0.00406284715654538,0.3080173606242956,0.0040618380385611715
-0.04949874686716792,0.003962480310542486,0.30801738821957797,0.003961544214803849
-0.04824561403508772,0.0038621312928502826,0.30801740326155497,0.0038612503910465273
-0.046992481203007516,0.0037618041088061877,0.30801740326531196,0.003760956567289205
-0.045739348370927316,0.0036615027637434986,0.3080173857459297,0.003660662743531883
-0.044486215538847115,0.0035612312629956,0.3080173482184918,0.0035603689197745607
-0.043233082706766915,0.003460993611895646,0.3080172881980812,0.003460075096017239
-0.041979949874686714,0.0033607938157753188,0.30801720319978343,0.0033597812722599165
-0.040726817042606514,0.0032606358799658268,0.3080170907386846,0.0032594874485025946
-0.039473684210526314,0.0031605238097975213,0.30801694832987075,0.0031591936247452723
-0.03822055137844611,0.0030604616105992417,0.30801677348842965,0.00305889980098795
-0.03696741854636591,0.002959709335597953,0.3080170932105995,0.002958605977230628
-0.03571428571428571,0.0028593440609893384,0.308017122918369,0.0028583121534733057
-0.03446115288220551,0.0027589852044351292,0.30801714737968383,0.002758018329715984
-0.03320802005012531,0.002658632303965758,0.3080171669810251,0.0026577245059586614
-0.03195488721804511,0.0025582848976111057,0.3080171821088782,0.0025574306822013395
-0.03070175438596491,0.002457942523400848,0.30801719314972487,0.002457136858444017
-0.02944862155388471,0.002357604719363834,0.3080172004900493,0.0023568430346866953
-0.02819548872180451,0.0022572710235306496,0.30801720451633435,0.002256549210929373
-0.02694235588972431,0.002156940973933735,0.308017205615063,0.0021562553871720506
-0.02568922305764411,0.0020566141086008727,0.30801720417271833,0.0020559615634147287
-0.02443609022556391,0.001956289965562662,0.30801720057578197,0.0019556677396574064
-0.023182957393483708,0.0018559680828478765,0.3080171952107399,0.0018553739159000845
-0.021929824561403508,0.0017556479984887905,0.3080171884640734,0.0017550800921427622
-0.020676691729323307,0.0016553292505144333,0.3080171807222643,0.00165478626838544
-0.019423558897243107,0.0015550113769549792,0.308017172371795,0.001554492444628118
-0.018170426065162906,0.0014546939158406318,0.30801716379914856,0.0014541986208707958
-0.016917293233082706,0.0013543764052016244,0.3080171553908076,0.0013539047971134737
-0.015664160401002505,0.0012540583830682195,0.30801714753325476,0.0012536109733561516
-0.014411027568922305,0.001153739387470712,0.30801714061297275,0.0011533171495988295
-0.013157894736842105,0.0010534189564380709,0.30801713501644534,0.0010530233258415074
-0.011904761904761904,0.000953096628002922,0.30801713113015666,0.000952729502084185
-0.010651629072681704,0.0008527719401946518,0.3080171293405866,0.0008524356783268629
-0.009398496240601503,0.0007524444310442091,0.30801713003421893,0.0007521418545695408
-0.008145363408521303,0.0006521136385822683,0.308017133597535,0.0006518480308122186
-0.006892230576441102,0.0005517790807359084,0.3080171404140078,0.0005515542070548964
-0.005639097744360902,0.0004514403548341097,0.3080171508791553,0.0004512603832975744
-0.0043859649122807015,0.00035109694060928584,0.30801716537043256,0.00035096655954025227
-0.003132832080200501,0.00025074839518819474,0.3080171842773241,0.0002506727357829301
-0.0018796992481203006,0.00015039425660180142,0.3080172079863123,0.00015037891202560792
-0.0006265664160401002,5.0034062879906064e-5,0.3080172368838797,5.00850882682858e-5
0.0006265664160401002,-5.01598127874703e-5,0.30801723577551887,-5.0208735489036344e-5
0.0018796992481203006,-0.0001505197731572961,0.30801720708278946,-0.00015050255924635848
0.003132832080200501,-0.0002508737018449223,0.30801718355924096,-0.0002507963830036806
0.0043859649122807015,-0.00035122205994499536,0.3080171648190546,-0.00035109020676100277
0.005639097744360902,-0.00045156530854956336,0.3080171504764102,-0.0004513840305183249
0.006892230576441102,-0.000551903908751731,0.30801714014548653,-0.0005516778542756471
0.008145363408521303,-0.0006522383216459353,0.308017133440462,-0.0006519716780329692
0.009398496240601503,-0.0007525690083253679,0.30801712997551806,-0.0007522655017902914
0.010651629072681704,-0.0008528964298840781,0.3080171293648325,-0.0008525593255476135
0.011904761904761904,-0.0009532210474167998,0.30801713122258706,-0.0009528531493049356
0.013157894736842105,-0.0010535433220166918,0.3080171351629607,-0.0010531469730622578
0.014411027568922305,-0.0011538637147750891,0.3080171408001305,-0.0011534407968195799
0.015664160401002505,-0.0012541826867860475,0.3080171477482788,-0.001253734620576902
0.016917293233082706,-0.0013545006991445465,0.3080171556215826,-0.001354028444334224
0.018170426065162906,-0.0014548182129442637,0.30801716403422147,-0.0014543222680915462
0.019423558897243107,-0.001555135689278888,0.30801717260037453,-0.0015546160918488683
0.020676691729323307,-0.0016554535892421226,0.30801718093422115,-0.0016549099156061905
0.021929824561403508,-0.0017557723739276825,0.3080171886499401,-0.0017552037393635126
0.023182957393483708,-0.0018560925044293008,0.3080171953617119,-0.001855497563120835
0.02443609022556391,-0.001956414441840719,0.3080172006837133,-0.001955791386878157
0.02568922305764411,-0.002056738647253015,0.3080172042301273,-0.002056085210635479
0.02694235588972431,-0.002157065581764392,0.3080172056151329,-0.002156379034392801
0.02819548872180451,-0.0022573957064666817,0.30801720445290587,-0.0022566728581501234
0.02944862155388471,-0.002357729482453491,0.30801720035762686,-0.0023569666819074457
0.03070175438596491,-0.0024580673708190287,0.30801719294347424,-0.0024572605056647676
0.03195488721804511,-0.0025584098326569145,0.3080171818246269,-0.00255755432942209
0.03320802005012531,-0.002658757329060148,0.3080171666152644,-0.002657848153179412
0.03446115288220551,-0.0027591103211234585,0.30801714692956556,-0.002758141976936734
0.03571428571428571,-0.002859469269941238,0.3080171223817093,-0.002858435800694056
0.03696741854636591,-0.0029598346366067874,0.30801709258587373,-0.0029587296244513784
0.03822055137844611,-0.003060582050376297,0.30801677629276564,-0.0030590234482087003
0.039473684210526314,-0.003160645107462449,0.30801695058833606,-0.0031593172719660226
0.040726817042606514,-0.0032607579448908114,0.3080170925030534,-0.003259611095723345
0.041979949874686714,-0.003360916560899778,0.3080172045202669,-0.003359904919480667
0.043233082706766915,-0.0034611169537269565,0.30801728912332893,-0.003460198743237989
0.044486215538847115,-0.0035613551216089516,0.30801734879558895,-0.003560492566995311
0.045739348370927316,-0.0036616270627819873,0.3080173860204007,-0.0036607863907526334
0.046992481203007516,-0.0037619287754811076,0.3080174032811179,-0.0037610802145099554
0.04824561403508772,-0.0038622562579420454,0.3080174030610953,-0.0038613740382672777
0.04949874686716792,-0.003962605508396294,0.30801738784368715,-0.0039616678620246
0.05075187969924812,-0.004062972525077706,0.30801736011224934,-0.004061961685781922
0.05200501253132832,-0.004163353306219068,0.3080173223501415,-0.004162255509539244
0.05325814536340852,-0.004263743850049378,0.3080172770407172,-0.004262549333296567
0.05451127819548872,-0.004364140154798896,0.30801722666733605,-0.004362843157053888
0.05576441102756892,-0.004464538218697084,0.30801717371335796,-0.00446313698081121
0.05701754385964912,-0.004564934039972564,0.308017120662141,-0.004563430804568533
0.05827067669172932,-0.004665323616853181,0.3080170699970479,-0.004663724628325855
0.05952380952380952,-0.004765702947565952,0.30801702420144045,-0.0047640184520831765
0.06077694235588972,-0.004866068030337077,0.30801698575868053,-0.004864312275840499
0.06203007518796992,-0.0049664148633934875,0.3080169571521343,-0.004964606099597821
0.06328320802005012,-0.005066739444959569,0.30801694086516546,-0.0050648999233551435
0.06453634085213032,-0.005167037773258403,0.30801693938113867,-0.005165193747112466
0.06578947368421052,-0.005267305846514427,0.30801695518342054,-0.005265487570869787
0.06704260651629072,-0.0053675396629479,0.3080169907553766,-0.00536578139462711
0.06829573934837092,-0.005467735220780638,0.30801704858037565,-0.005466075218384432
0.06954887218045112,-0.005567888518232883,0.3080171311417866,-0.005566369042141754
0.07080200501253132,-0.0056679955535243074,0.3080172409229778,-0.005666662865899076
0.07205513784461152,-0.005768052324874175,0.3080173804073204,-0.005766956689656398
0.07330827067669173,-0.00586805483050035,0.3080175520781851,-0.0058672505134137205
0.07456140350877193,-0.005965190556524359,0.30801980919729904,-0.005967544337171043
0.07581453634085213,-0.006066480988628815,0.308019309646894,-0.006067838160928365
0.07706766917293233,-0.006168437222160914,0.3080182097001035,-0.006168131984685687
0.07832080200501253,-0.006270046655990528,0.308017326056131,-0.006268425808443009
0.07957393483709273,-0.006371337978647883,0.3080166415914453,-0.006368719632200331
0.08082706766917293,-0.00647233987865238,0.3080161391825728,-0.006469013455957654
0.08208020050125313,-0.006573081044513278,0.3080158017060985,-0.006569307279714975
0.08333333333333333,-0.006673590164729607,0.3080156120386661,-0.006669601103472297
0.08458646616541353,-0.0067738959277892,0.3080155530569782,-0.00676989492722962
0.08583959899749373,-0.00687402702217023,0.30801560763779745,-0.006870188750986942
0.08709273182957393,-0.006974012136342006,0.30801575865793906,-0.006970482574744264
0.08834586466165413,-0.007073879958762999,0.3080159889942813,-0.007070776398501586
0.08959899749373433,-0.007173659177883996,0.30801628152376215,-0.007171070222258908
0.09085213032581453,-0.007273378482138904,0.3080166191233714,-0.0072713640460162305
0.09210526315789473,-0.007373066559955586,0.3080169846701717,-0.007371657869773553
0.09335839598997493,-0.007472752099751554,0.3080173610412653,-0.007471951693530874
0.09461152882205513,-0.0075724637899319625,0.3080177311138143,-0.007572245517288197
0.09586466165413533,-0.007672230318898846,0.30801807776505563,-0.007672539341045519
0.09711779448621553,-0.007772080375033558,0.30801838387228164,-0.007772833164802841
0.09837092731829573,-0.007872042646716983,0.3080186323128342,-0.007873126988560164
0.09962406015037593,-0.007972145822313103,0.308018805964113,-0.007973420812317486
0.10087719298245613,-0.008072418590178113,0.30801888770358066,-0.008073714636074808
0.10213032581453634,-0.008172889638655955,0.3080188604087602,-0.008174008459832129
0.10338345864661654,-0.00827358765608332,0.30801870695723016,-0.008274302283589451
0.10463659147869674,-0.008374541330786285,0.30801841022662574,-0.008374596107346774
0.10588972431077694,-0.00847577935108075,0.3080179530946446,-0.008474889931104096
0.10714285714285714,-0.00857733040527199,0.3080173184390384,-0.008575183754861418
0.10839598997493734,-0.008679223181653737,0.3080164891376226,-0.00867547757861874
0.10964912280701754,-0.008781486368511506,0.30801544806826725,-0.008775771402376063
0.11090225563909774,-0.00889216710538204,0.3080065812206977,-0.008876065226133385
0.11215538847117794,-0.00900199882310223,0.30799975589234235,-0.008976359049890708
0.11340852130325814,-0.009090429425389467,0.30800746436535936,-0.009076652873648028
0.11466165413533834,-0.009180220472062217,0.30801450636229905,-0.00917694669740535
0.11591478696741854,-0.009272445812634528,0.3080199788203487,-0.009277240521162673
0.11716791979949874,-0.009366887074123729,0.3080240191340071,-0.009377534344919995
0.11842105263157894,-0.009463325883066979,0.3080267646997226,-0.009477828168677318
0.11967418546365914,-0.009561543865522444,0.308028352915885,-0.00957812199243464
0.12092731829573934,-0.009661322647067021,0.3080289211828258,-0.009678415816191962
0.12218045112781954,-0.009762443852800064,0.308028606902836,-0.009778709639949285
0.12343358395989974,-0.009864689107341054,0.30802754748015,-0.009879003463706607
0.12468671679197994,-0.009967840034830259,0.30802588032094,-0.009979297287463927
0.12593984962406016,-0.010071678258926228,0.30802374283334155,-0.010079591111221252
0.12719298245614036,-0.010175985402807406,0.3080212724274334,-0.010179884934978574
0.12844611528822056,-0.010280543089170386,0.30801860651522456,-0.010280178758735896
0.12969924812030076,-0.01038513294023963,0.3080158825107058,-0.010380472582493219
0.13095238095238096,-0.010489536577757317,0.30801323782980883,-0.010480766406250541
0.13220551378446116,-0.010593535622980743,0.30801080989038687,-0.010581060230007861
0.13345864661654136,-0.010696911696687454,0.30800873611223745,-0.010681354053765184
0.13471177944862156,-0.01079944641918237,0.3080071539171486,-0.010781647877522506
0.13596491228070176,-0.010900921410286788,0.30800620072882884,-0.010881941701279828
0.13721804511278196,-0.011001118289342648,0.3080060139729302,-0.01098223552503715
0.13847117794486216,-0.011099818675209445,0.30800673107707144,-0.011082529348794473
0.13972431077694236,-0.011196804186268415,0.3080084894708141,-0.011182823172551795
0.14097744360902256,-0.011291856440422,0.30801142658567787,-0.011283116996309118
0.14223057644110276,-0.011384757055092277,0.3080156798551213,-0.01138341082006644
0.14348370927318296,-0.011475287647221222,0.3080213867145563,-0.01148370464382376
0.14473684210526316,-0.011563229833270596,0.3080286846013478,-0.011583998467581083
0.14598997493734336,-0.011648365229223513,0.3080377109548059,-0.011684292291338405
0.14724310776942356,-0.011607811114778026,0.3081389380641112,-0.011784586115095728
0.14849624060150377,-0.01176275312958851,0.3081107692423678,-0.01188487993885305
0.14974937343358397,-0.011945960318101126,0.30805616343633524,-0.011985173762610372
0.15100250626566417,-0.012110895407094903,0.3080131112333092,-0.012085467586367695
0.15225563909774437,-0.012259197199026422,0.30798063190210856,-0.012185761410125017
0.15350877192982457,-0.012392504492534597,0.30795774474618365,-0.01228605523388234
0.15476190476190477,-0.01251245608244036,0.30794346910364184,-0.01238634905763966
0.15601503759398497,-0.01262069075974835,0.3079368243472442,-0.012486642881396982
0.15726817042606517,-0.012718847311645663,0.30793682988441246,-0.012586936705154305
0.15852130325814537,-0.012808564521504952,0.3079425051572403,-0.012687230528911627
0.15977443609022557,-0.01289148116888454,0.30795286964249063,-0.01278752435266895
0.16102756892230577,-0.012969236029529612,0.30796694285162607,-0.012887818176426272
0.16228070175438597,-0.013043467875369662,0.30798374433076453,-0.012988112000183594
0.16353383458646617,-0.013115815474520303,0.3080022936607314,-0.013088405823940916
0.16478696741854637,-0.013187917591292952,0.30802161045711696,-0.013188699647698239
0.16604010025062657,-0.01326141298618307,0.3080407143700341,-0.01328899347145556
0.16729323308270677,-0.013337940415874267,0.308058625084502,-0.013389287295212882
0.16854636591478697,-0.013419138633246487,0.30807436232022883,-0.013489581118970204
0.16979949874686717,-0.013506646387368258,0.3080869458315693,-0.013589874942727526
0.17105263157894737,-0.0136021024235028,0.3080953954076693,-0.013690168766484849
0.17230576441102757,-0.013707145483103153,0.3080987308723884,-0.013790462590242171
0.17355889724310777,-0.013823414303817996,0.3080959720843377,-0.013890756413999493
0.17481203007518797,-0.013952547619490744,0.3080861389368846,-0.013991050237756816
0.17606516290726817,-0.01409618416016027,0.3080682513581581,-0.014091344061514138
0.17731829573934837,-0.014255962652063008,0.30804132931105804,-0.014191637885271459
0.17857142857142858,-0.014433521817632005,0.3080043927932358,-0.014291931709028781
0.17982456140350878,-0.014630500375498264,0.3079564618371371,-0.014392225532786103
0.18107769423558898,-0.014848537040490795,0.30789655650999437,-0.014492519356543426
0.18233082706766918,-0.015767780466692603,0.30725591005451863,-0.014592813180300748
0.18358395989974938,-0.015739489987161875,0.3073235963777475,-0.01469310700405807
0.18483709273182958,-0.015267894049171185,0.3077041544372501,-0.014793400827815393
0.18609022556390978,-0.01489716027891086,0.30802686467954643,-0.014893694651572715
0.18734335839598998,-0.01465454012916776,0.3082685340219547,-0.014993988475330037
0.18859649122807018,-0.014527427142233693,0.3084368944148662,-0.015094282299087358
0.18984962406015038,-0.014503214817523456,0.30853967807177224,-0.01519457612284468
0.19110275689223058,-0.014569296611448113,0.30858461746984883,-0.015294869946602003
0.19235588972431078,-0.014713065937287615,0.3085794453506721,-0.015395163770359325
0.19360902255639098,-0.014921916165066343,0.3085318947208036,-0.015495457594116647
0.19486215538847118,-0.01518324062142037,0.30844969885251555,-0.01559575141787397
0.19611528822055138,-0.015484432589474396,0.3083405912843306,-0.015696045241631294
0.19736842105263158,-0.015812885308733583,0.3082123058216236,-0.015796339065388614
0.19862155388471178,-0.016155991974907497,0.30807257653748654,-0.015896632889145938
0.19987468671679198,-0.01650114573984175,0.3079291377731845,-0.01599692671290326
0.20112781954887218,-0.016835739711339105,0.30778972413872013,-0.016097220536660583
0.20238095238095238,-0.017147166953132634,0.30766207051358124,-0.016197514360417904
0.20363408521303258,-0.017422820484615974,0.30755391204744714,-0.016297808184175228
0.20488721804511278,-0.01765009328081957,0.3074729841607228,-0.016398102007932548
0.20614035087719298,-0.01781637827225935,0.30742702254514964,-0.01649839583168987
0.20739348370927319,-0.017909068344805715,0.30742376316452097,-0.016598689655447193
0.20864661654135339,-0.017915556339562468,0.3074709422552823,-0.016698983479204513
0.2098997493734336,-0.017823235052745506,0.30757629632714795,-0.016799277302961838
0.2111528822055138,-0.01761949723555359,0.3077475621637729,-0.016899571126719158
0.212406015037594,-0.017291735594045822,0.30799247682333536,-0.016999864950476482
0.2136591478696742,-0.01682734278901998,0.3083187776391943,-0.017100158774233803
0.2149122807017544,-0.016213711435876764,0.3087342022205133,-0.017200452597991127
0.2161654135338346,-0.010534757069252281,0.31306484108047083,-0.017300746421748447
0.2174185463659148,-0.01057082894306053,0.3137886281286598,-0.017401040245505768
0.218671679197995,-0.015590890585678956,0.3106522559631981,-0.017501334069263092
0.2199248120300752,-0.019453991130489273,0.30817803795339427,-0.017601627893020413
0.2211779448621554,-0.022273102086657847,0.3063089422471439,-0.017701921716777737
0.2224310776942356,-0.024161200039425474,0.3049879318019694,-0.017802215540535057
0.2236842105263158,-0.025231266645862074,0.3041579643994557,-0.01790250936429238
0.224937343358396,-0.025596288630538117,0.30376199265977955,-0.018002803188049702
0.2261904761904762,-0.025369257781257856,0.30374296405644746,-0.018103097011807026
0.2274436090225564,-0.024663168155392205,0.30404382228195215,-0.018203390835564347
0.2286967418546366,-0.02359102715525993,0.30460750117835095,-0.018303684659321667
0.2299498746867168,-0.02226583909706029,0.3053769348558394,-0.01840397848307899
0.231203007518797,-0.020800615937638833,0.3062950503902029,-0.018504272306836312
0.2324561403508772,-0.01930837468267072,0.3073047697805611,-0.018604566130593636
0.2337092731829574,-0.017902137382955118,0.3083490099635485,-0.018704859954350957
0.2349624060150376,-0.016694931129384655,0.3093706828282518,-0.01880515377810828
0.2362155388471178,-0.015799788048980568,0.31031269523274063,-0.0189054476018656
0.237468671679198,-0.01532974530096391,0.31111794901614553,-0.019005741425622925
0.2387218045112782,-0.015406459865561765,0.3117286408526714,-0.019106035249380246
0.2399749373433584,-0.016123143017889058,0.312089139174443,-0.019206329073137567
0.2412280701754386,-0.017604789157086784,0.31214145808994087,-0.01930662289689489
0.2424812030075188,-0.01996346888422907,0.31182860390472716,-0.01940691672065221
0.243734335839599,-0.023312238009991663,0.31109345326766913,-0.019507210544409535
0.2449874686716792,-0.027764157478521748,0.30987887738274433,-0.019607504368166856
0.2462406015037594,-0.03343229336300235,0.308127742023379,-0.01970779819192418
0.2474937343358396,-0.04042971686104759,0.30578290754675846,-0.0198080920156815
0.2487468671679198,-0.04886950429024529,0.30278722890817644,-0.019908385839438825
0.25,-0.058864737083683956,0.29908355567542155,-0.020008679663196145
